{"cameraMode":{"drawMode":0,"name":"Shaded","section":"Shading Mode"},"sceneLighting":false,"audioPlay":false,"sceneViewState":{"showFog":true,"showMaterialUpdate":false,"showSkybox":false,"showFlares":true,"showImageEffects":true,"showParticleSystems":true},"in2DMode":false,"pivot":{"x":0.3951551020145416,"y":3.58783221244812,"z":1.7873213291168213},"rotation":{"x":-0.16075091063976289,"y":-0.7598839402198792,"z":0.5956558585166931,"w":-0.20522139966487885},"size":-0.36767345666885378,"orthographic":false}