{"cameraMode":{"drawMode":0,"name":"Shaded","section":"Shading Mode"},"sceneLighting":false,"audioPlay":false,"sceneViewState":{"showFog":true,"showMaterialUpdate":false,"showSkybox":false,"showFlares":true,"showImageEffects":true,"showParticleSystems":true},"in2DMode":false,"pivot":{"x":-0.0029862888623028995,"y":0.8537979125976563,"z":0.29828983545303347},"rotation":{"x":0.11846663057804108,"y":-0.842580258846283,"z":0.2064484804868698,"w":0.4833032786846161},"size":1.6509068012237549,"orthographic":false}